Metric,Value
MSE,476.8219594455277
RMSE,21.836253328937353
MAE,12.921250776433403
R2 Score,-0.44855558476326163
MAPE,30.282372131376846
SMAPE,44.13988547463652
