channel_number,training_time_seconds
10,341.09116411209106
12,645.9867386817932
6,673.3893442153931
10,353.1901149749756
12,682.9842479228973
